SERCODIGO;VALDATA;DIA;MES;ANO;VALVALOR
GAC12_SALMINRE12;01/01/1958 00:00;1;1;1958;1070,941238
GAC12_SALMINRE12;01/02/1958 00:00;1;2;1958;1048,863588
GAC12_SALMINRE12;01/03/1958 00:00;1;3;1958;1028,337223
GAC12_SALMINRE12;01/04/1958 00:00;1;4;1958;1015,629634
GAC12_SALMINRE12;01/05/1958 00:00;1;5;1958;1003,232277
GAC12_SALMINRE12;01/06/1958 00:00;1;6;1958;991,1339282
GAC12_SALMINRE12;01/07/1958 00:00;1;7;1958;981,7234683
GAC12_SALMINRE12;01/08/1958 00:00;1;8;1958;972,4900255
GAC12_SALMINRE12;01/09/1958 00:00;1;9;1958;963,4286516
GAC12_SALMINRE12;01/10/1958 00:00;1;10;1958;950,0080391
GAC12_SALMINRE12;01/11/1958 00:00;1;11;1958;936,9561894
GAC12_SALMINRE12;01/12/1958 00:00;1;12;1958;924,5246968
GAC12_SALMINRE12;01/01/1959 00:00;1;1;1959;1390,014509
GAC12_SALMINRE12;01/02/1959 00:00;1;2;1959;1326,616731
GAC12_SALMINRE12;01/03/1959 00:00;1;3;1959;1269,067911
GAC12_SALMINRE12;01/04/1959 00:00;1;4;1959;1247,176645
GAC12_SALMINRE12;01/05/1959 00:00;1;5;1959;1226,027817
GAC12_SALMINRE12;01/06/1959 00:00;1;6;1959;1205,584285
GAC12_SALMINRE12;01/07/1959 00:00;1;7;1959;1190,833606
GAC12_SALMINRE12;01/08/1959 00:00;1;8;1959;1176,439523
GAC12_SALMINRE12;01/09/1959 00:00;1;9;1959;1162,389258
GAC12_SALMINRE12;01/10/1959 00:00;1;10;1959;1136,802073
GAC12_SALMINRE12;01/11/1959 00:00;1;11;1959;1112,072693
GAC12_SALMINRE12;01/12/1959 00:00;1;12;1959;1088,630421
GAC12_SALMINRE12;01/01/1960 00:00;1;1;1960;1049,791086
GAC12_SALMINRE12;01/02/1960 00:00;1;2;1960;1013,627644
GAC12_SALMINRE12;01/03/1960 00:00;1;3;1960;978,9251117
GAC12_SALMINRE12;01/04/1960 00:00;1;4;1960;964,0081576
GAC12_SALMINRE12;01/05/1960 00:00;1;5;1960;949,538992
GAC12_SALMINRE12;01/06/1960 00:00;1;6;1960;935,3248618
GAC12_SALMINRE12;01/07/1960 00:00;1;7;1960;923,8851455
GAC12_SALMINRE12;01/08/1960 00:00;1;8;1960;912,7218805
GAC12_SALMINRE12;01/09/1960 00:00;1;9;1960;901,664498
GAC12_SALMINRE12;01/10/1960 00:00;1;10;1960;1409,515844
GAC12_SALMINRE12;01/11/1960 00:00;1;11;1960;1377,857499
GAC12_SALMINRE12;01/12/1960 00:00;1;12;1960;1347,590036
GAC12_SALMINRE12;01/01/1961 00:00;1;1;1961;1296,041697
GAC12_SALMINRE12;01/02/1961 00:00;1;2;1961;1248,4842
GAC12_SALMINRE12;01/03/1961 00:00;1;3;1961;1204,114279
GAC12_SALMINRE12;01/04/1961 00:00;1;4;1961;1177,328951
GAC12_SALMINRE12;01/05/1961 00:00;1;5;1961;1151,87319
GAC12_SALMINRE12;01/06/1961 00:00;1;6;1961;1127,337954
GAC12_SALMINRE12;01/07/1961 00:00;1;7;1961;1109,421636
GAC12_SALMINRE12;01/08/1961 00:00;1;8;1961;1091,918625
GAC12_SALMINRE12;01/09/1961 00:00;1;9;1961;1074,959316
GAC12_SALMINRE12;01/10/1961 00:00;1;10;1961;1444,906441
GAC12_SALMINRE12;01/11/1961 00:00;1;11;1961;1389,305874
GAC12_SALMINRE12;01/12/1961 00:00;1;12;1961;1337,825812
GAC12_SALMINRE12;01/01/1962 00:00;1;1;1962;1252,40123
GAC12_SALMINRE12;01/02/1962 00:00;1;2;1962;1177,231146
GAC12_SALMINRE12;01/03/1962 00:00;1;3;1962;1110,573661
GAC12_SALMINRE12;01/04/1962 00:00;1;4;1962;1074,572126
GAC12_SALMINRE12;01/05/1962 00:00;1;5;1962;1040,83143
GAC12_SALMINRE12;01/06/1962 00:00;1;6;1962;1009,145089
GAC12_SALMINRE12;01/07/1962 00:00;1;7;1962;983,4940516
GAC12_SALMINRE12;01/08/1962 00:00;1;8;1962;959,1147152
GAC12_SALMINRE12;01/09/1962 00:00;1;9;1962;935,9920685
GAC12_SALMINRE12;01/10/1962 00:00;1;10;1962;908,1739913
GAC12_SALMINRE12;01/11/1962 00:00;1;11;1962;900,9565233
GAC12_SALMINRE12;01/12/1962 00:00;1;12;1962;857,2849314
GAC12_SALMINRE12;01/01/1963 00:00;1;1;1963;1243,761403
GAC12_SALMINRE12;01/02/1963 00:00;1;2;1963;1160,789639
GAC12_SALMINRE12;01/03/1963 00:00;1;3;1963;1088,128871
GAC12_SALMINRE12;01/04/1963 00:00;1;4;1963;1052,441916
GAC12_SALMINRE12;01/05/1963 00:00;1;5;1963;1019,021452
GAC12_SALMINRE12;01/06/1963 00:00;1;6;1963;987,6582044
GAC12_SALMINRE12;01/07/1963 00:00;1;7;1963;953,8852932
GAC12_SALMINRE12;01/08/1963 00:00;1;8;1963;922,3457379
GAC12_SALMINRE12;01/09/1963 00:00;1;9;1963;892,8250955
GAC12_SALMINRE12;01/10/1963 00:00;1;10;1963;858,6354772
GAC12_SALMINRE12;01/11/1963 00:00;1;11;1963;827,0063913
GAC12_SALMINRE12;01/12/1963 00:00;1;12;1963;797,5169914
GAC12_SALMINRE12;01/01/1964 00:00;1;1;1964;738,3148506
GAC12_SALMINRE12;01/02/1964 00:00;1;2;1964;1296,800754
GAC12_SALMINRE12;01/03/1964 00:00;1;3;1964;1232,154919
GAC12_SALMINRE12;01/04/1964 00:00;1;4;1964;1255,35239
GAC12_SALMINRE12;01/05/1964 00:00;1;5;1964;1215,386455
GAC12_SALMINRE12;01/06/1964 00:00;1;6;1964;1179,062795
GAC12_SALMINRE12;01/07/1964 00:00;1;7;1964;1134,799314
GAC12_SALMINRE12;01/08/1964 00:00;1;8;1964;1093,738995
GAC12_SALMINRE12;01/09/1964 00:00;1;9;1964;1054,635026
GAC12_SALMINRE12;01/10/1964 00:00;1;10;1964;1006,343023
GAC12_SALMINRE12;01/11/1964 00:00;1;11;1964;962,2538444
GAC12_SALMINRE12;01/12/1964 00:00;1;12;1964;921,3622478
GAC12_SALMINRE12;01/01/1965 00:00;1;1;1965;857,0775321
GAC12_SALMINRE12;01/02/1965 00:00;1;2;1965;801,1782218
GAC12_SALMINRE12;01/03/1965 00:00;1;3;1965;1182,260636
GAC12_SALMINRE12;01/04/1965 00:00;1;4;1965;1133,515313
GAC12_SALMINRE12;01/05/1965 00:00;1;5;1965;1088,630421
GAC12_SALMINRE12;01/06/1965 00:00;1;6;1965;1047,243625
GAC12_SALMINRE12;01/07/1965 00:00;1;7;1965;1010,848515
GAC12_SALMINRE12;01/08/1965 00:00;1;8;1965;976,8981382
GAC12_SALMINRE12;01/09/1965 00:00;1;9;1965;944,3525428
GAC12_SALMINRE12;01/10/1965 00:00;1;10;1965;915,0772724
GAC12_SALMINRE12;01/11/1965 00:00;1;11;1965;887,5483635
GAC12_SALMINRE12;01/12/1965 00:00;1;12;1965;862,361496
GAC12_SALMINRE12;01/01/1966 00:00;1;1;1966;822,8608121
GAC12_SALMINRE12;01/02/1966 00:00;1;2;1966;959,7773025
GAC12_SALMINRE12;01/03/1966 00:00;1;3;1966;911,9321695
GAC12_SALMINRE12;01/04/1966 00:00;1;4;1966;923,7526509
GAC12_SALMINRE12;01/05/1966 00:00;1;5;1966;890,3344925
GAC12_SALMINRE12;01/06/1966 00:00;1;6;1966;858,2714503
GAC12_SALMINRE12;01/07/1966 00:00;1;7;1966;831,6560393
GAC12_SALMINRE12;01/08/1966 00:00;1;8;1966;806,641692
GAC12_SALMINRE12;01/09/1966 00:00;1;9;1966;783,9372402
GAC12_SALMINRE12;01/10/1966 00:00;1;10;1966;764,8133111
GAC12_SALMINRE12;01/11/1966 00:00;1;11;1966;746,6080755
GAC12_SALMINRE12;01/12/1966 00:00;1;12;1966;728,9492863
GAC12_SALMINRE12;01/01/1967 00:00;1;1;1967;708,5459958
GAC12_SALMINRE12;01/02/1967 00:00;1;2;1967;845,1168843
GAC12_SALMINRE12;01/03/1967 00:00;1;3;1967;802,9876011
GAC12_SALMINRE12;01/04/1967 00:00;1;4;1967;825,4263698
GAC12_SALMINRE12;01/05/1967 00:00;1;5;1967;805,1659043
GAC12_SALMINRE12;01/06/1967 00:00;1;6;1967;788,6754183
GAC12_SALMINRE12;01/07/1967 00:00;1;7;1967;778,2798724
GAC12_SALMINRE12;01/08/1967 00:00;1;8;1967;768,154809
GAC12_SALMINRE12;01/09/1967 00:00;1;9;1967;758,9395842
GAC12_SALMINRE12;01/10/1967 00:00;1;10;1967;749,3083712
GAC12_SALMINRE12;01/11/1967 00:00;1;11;1967;740,537203
GAC12_SALMINRE12;01/12/1967 00:00;1;12;1967;732,5744374
GAC12_SALMINRE12;01/01/1968 00:00;1;1;1968;712,5361985
GAC12_SALMINRE12;01/02/1968 00:00;1;2;1968;844,8108583
GAC12_SALMINRE12;01/03/1968 00:00;1;3;1968;802,6968306
GAC12_SALMINRE12;01/04/1968 00:00;1;4;1968;825,6686184
GAC12_SALMINRE12;01/05/1968 00:00;1;5;1968;812,1732918
GAC12_SALMINRE12;01/06/1968 00:00;1;6;1968;797,3634214
GAC12_SALMINRE12;01/07/1968 00:00;1;7;1968;780,2892582
GAC12_SALMINRE12;01/08/1968 00:00;1;8;1968;768,7659991
GAC12_SALMINRE12;01/09/1968 00:00;1;9;1968;757,5781363
GAC12_SALMINRE12;01/10/1968 00:00;1;10;1968;746,2015363
GAC12_SALMINRE12;01/11/1968 00:00;1;11;1968;735,1615674
GAC12_SALMINRE12;01/12/1968 00:00;1;12;1968;724,4435061
GAC12_SALMINRE12;01/01/1969 00:00;1;1;1969;706,6485137
GAC12_SALMINRE12;01/02/1969 00:00;1;2;1969;698,520927
GAC12_SALMINRE12;01/03/1969 00:00;1;3;1969;689,7067828
GAC12_SALMINRE12;01/04/1969 00:00;1;4;1969;681,1123057
GAC12_SALMINRE12;01/05/1969 00:00;1;5;1969;804,8141499
GAC12_SALMINRE12;01/06/1969 00:00;1;6;1969;782,3252884
GAC12_SALMINRE12;01/07/1969 00:00;1;7;1969;770,4163554
GAC12_SALMINRE12;01/08/1969 00:00;1;8;1969;761,0590718
GAC12_SALMINRE12;01/09/1969 00:00;1;9;1969;748,079099
GAC12_SALMINRE12;01/10/1969 00:00;1;10;1969;736,7699525
GAC12_SALMINRE12;01/11/1969 00:00;1;11;1969;724,9978706
GAC12_SALMINRE12;01/12/1969 00:00;1;12;1969;715,147356
GAC12_SALMINRE12;01/01/1970 00:00;1;1;1970;698,8163224
GAC12_SALMINRE12;01/02/1970 00:00;1;2;1970;690,3835966
GAC12_SALMINRE12;01/03/1970 00:00;1;3;1970;675,4985293
GAC12_SALMINRE12;01/04/1970 00:00;1;4;1970;668,6337069
GAC12_SALMINRE12;01/05/1970 00:00;1;5;1970;790,3129941
GAC12_SALMINRE12;01/06/1970 00:00;1;6;1970;777,4718671
GAC12_SALMINRE12;01/07/1970 00:00;1;7;1970;762,8238464
GAC12_SALMINRE12;01/08/1970 00:00;1;8;1970;744,1307079
GAC12_SALMINRE12;01/09/1970 00:00;1;9;1970;730,7012319
GAC12_SALMINRE12;01/10/1970 00:00;1;10;1970;721,684352
GAC12_SALMINRE12;01/11/1970 00:00;1;11;1970;712,8872967
GAC12_SALMINRE12;01/12/1970 00:00;1;12;1970;706,507992
GAC12_SALMINRE12;01/01/1971 00:00;1;1;1971;692,8676446
GAC12_SALMINRE12;01/02/1971 00:00;1;2;1971;684,1617687
GAC12_SALMINRE12;01/03/1971 00:00;1;3;1971;673,6541647
GAC12_SALMINRE12;01/04/1971 00:00;1;4;1971;665,1412646
GAC12_SALMINRE12;01/05/1971 00:00;1;5;1971;789,27918
GAC12_SALMINRE12;01/06/1971 00:00;1;6;1971;771,3628306
GAC12_SALMINRE12;01/07/1971 00:00;1;7;1971;757,544627
GAC12_SALMINRE12;01/08/1971 00:00;1;8;1971;748,3099108
GAC12_SALMINRE12;01/09/1971 00:00;1;9;1971;739,0105255
GAC12_SALMINRE12;01/10/1971 00:00;1;10;1971;729,1004226
GAC12_SALMINRE12;01/11/1971 00:00;1;11;1971;718,3662148
GAC12_SALMINRE12;01/12/1971 00:00;1;12;1971;710,3218003
GAC12_SALMINRE12;01/01/1972 00:00;1;1;1972;693,7484882
GAC12_SALMINRE12;01/02/1972 00:00;1;2;1972;680,8415396
GAC12_SALMINRE12;01/03/1972 00:00;1;3;1972;669,1111474
GAC12_SALMINRE12;01/04/1972 00:00;1;4;1972;662,5877796
GAC12_SALMINRE12;01/05/1972 00:00;1;5;1972;783,4648192
GAC12_SALMINRE12;01/06/1972 00:00;1;6;1972;775,957285
GAC12_SALMINRE12;01/07/1972 00:00;1;7;1972;766,5135857
GAC12_SALMINRE12;01/08/1972 00:00;1;8;1972;758,5637961
GAC12_SALMINRE12;01/09/1972 00:00;1;9;1972;742,4188561
GAC12_SALMINRE12;01/10/1972 00:00;1;10;1972;733,2946917
GAC12_SALMINRE12;01/11/1972 00:00;1;11;1972;726,0157498
GAC12_SALMINRE12;01/12/1972 00:00;1;12;1972;720,4789281
GAC12_SALMINRE12;01/01/1973 00:00;1;1;1973;710,7671431
GAC12_SALMINRE12;01/02/1973 00:00;1;2;1973;706,9994346
GAC12_SALMINRE12;01/03/1973 00:00;1;3;1973;701,3136983
GAC12_SALMINRE12;01/04/1973 00:00;1;4;1973;693,5904517
GAC12_SALMINRE12;01/05/1973 00:00;1;5;1973;796,5321641
GAC12_SALMINRE12;01/06/1973 00:00;1;6;1973;784,4239255
GAC12_SALMINRE12;01/07/1973 00:00;1;7;1973;771,9983192
GAC12_SALMINRE12;01/08/1973 00:00;1;8;1973;758,8645531
GAC12_SALMINRE12;01/09/1973 00:00;1;9;1973;747,0173915
GAC12_SALMINRE12;01/10/1973 00:00;1;10;1973;743,8502742
GAC12_SALMINRE12;01/11/1973 00:00;1;11;1973;739,8769385
GAC12_SALMINRE12;01/12/1973 00:00;1;12;1973;734,7130849
GAC12_SALMINRE12;01/01/1974 00:00;1;1;1974;725,1976495
GAC12_SALMINRE12;01/02/1974 00:00;1;2;1974;724,3991936
GAC12_SALMINRE12;01/03/1974 00:00;1;3;1974;699,7453524
GAC12_SALMINRE12;01/04/1974 00:00;1;4;1974;659,4192609
GAC12_SALMINRE12;01/05/1974 00:00;1;5;1974;773,8823705
GAC12_SALMINRE12;01/06/1974 00:00;1;6;1974;762,5563569
GAC12_SALMINRE12;01/07/1974 00:00;1;7;1974;746,9647228
GAC12_SALMINRE12;01/08/1974 00:00;1;8;1974;731,9979032
GAC12_SALMINRE12;01/09/1974 00:00;1;9;1974;720,7108607
GAC12_SALMINRE12;01/10/1974 00:00;1;10;1974;705,6693818
GAC12_SALMINRE12;01/11/1974 00:00;1;11;1974;690,1921597
GAC12_SALMINRE12;01/12/1974 00:00;1;12;1974;743,8915965
GAC12_SALMINRE12;01/01/1975 00:00;1;1;1975;721,6652867
GAC12_SALMINRE12;01/02/1975 00:00;1;2;1975;705,8125023
GAC12_SALMINRE12;01/03/1975 00:00;1;3;1975;694,8892136
GAC12_SALMINRE12;01/04/1975 00:00;1;4;1975;679,9148974
GAC12_SALMINRE12;01/05/1975 00:00;1;5;1975;861,9497565
GAC12_SALMINRE12;01/06/1975 00:00;1;6;1975;841,1390662
GAC12_SALMINRE12;01/07/1975 00:00;1;7;1975;822,2111289
GAC12_SALMINRE12;01/08/1975 00:00;1;8;1975;791,2334561
GAC12_SALMINRE12;01/09/1975 00:00;1;9;1975;775,9333616
GAC12_SALMINRE12;01/10/1975 00:00;1;10;1975;759,1564241
GAC12_SALMINRE12;01/11/1975 00:00;1;11;1975;743,0896215
GAC12_SALMINRE12;01/12/1975 00:00;1;12;1975;730,5276383
GAC12_SALMINRE12;01/01/1976 00:00;1;1;1976;706,7472921
GAC12_SALMINRE12;01/02/1976 00:00;1;2;1976;674,5018806
GAC12_SALMINRE12;01/03/1976 00:00;1;3;1976;656,5677181
GAC12_SALMINRE12;01/04/1976 00:00;1;4;1976;636,9339613
GAC12_SALMINRE12;01/05/1976 00:00;1;5;1976;880,3009674
GAC12_SALMINRE12;01/06/1976 00:00;1;6;1976;862,3715148
GAC12_SALMINRE12;01/07/1976 00:00;1;7;1976;840,0071083
GAC12_SALMINRE12;01/08/1976 00:00;1;8;1976;818,8768574
GAC12_SALMINRE12;01/09/1976 00:00;1;9;1976;795,9374394
GAC12_SALMINRE12;01/10/1976 00:00;1;10;1976;773,6010054
GAC12_SALMINRE12;01/11/1976 00:00;1;11;1976;749,0039102
GAC12_SALMINRE12;01/12/1976 00:00;1;12;1976;733,0694601
GAC12_SALMINRE12;01/01/1977 00:00;1;1;1977;703,839072
GAC12_SALMINRE12;01/02/1977 00:00;1;2;1977;679,3346077
GAC12_SALMINRE12;01/03/1977 00:00;1;3;1977;658,1463801
GAC12_SALMINRE12;01/04/1977 00:00;1;4;1977;634,2407303
GAC12_SALMINRE12;01/05/1977 00:00;1;5;1977;877,5329547
GAC12_SALMINRE12;01/06/1977 00:00;1;6;1977;859,2729006
GAC12_SALMINRE12;01/07/1977 00:00;1;7;1977;838,2792575
GAC12_SALMINRE12;01/08/1977 00:00;1;8;1977;824,7227796
GAC12_SALMINRE12;01/09/1977 00:00;1;9;1977;811,8095836
GAC12_SALMINRE12;01/10/1977 00:00;1;10;1977;790,3593304
GAC12_SALMINRE12;01/11/1977 00:00;1;11;1977;763,8997277
GAC12_SALMINRE12;01/12/1977 00:00;1;12;1977;746,1275163
GAC12_SALMINRE12;01/01/1978 00:00;1;1;1978;719,3835638
GAC12_SALMINRE12;01/02/1978 00:00;1;2;1978;697,0841779
GAC12_SALMINRE12;01/03/1978 00:00;1;3;1978;675,2451323
GAC12_SALMINRE12;01/04/1978 00:00;1;4;1978;658,3354242
GAC12_SALMINRE12;01/05/1978 00:00;1;5;1978;905,2498178
GAC12_SALMINRE12;01/06/1978 00:00;1;6;1978;875,5546843
GAC12_SALMINRE12;01/07/1978 00:00;1;7;1978;829,7837906
GAC12_SALMINRE12;01/08/1978 00:00;1;8;1978;805,3559796
GAC12_SALMINRE12;01/09/1978 00:00;1;9;1978;788,9388663
GAC12_SALMINRE12;01/10/1978 00:00;1;10;1978;767,406039
GAC12_SALMINRE12;01/11/1978 00:00;1;11;1978;750,8537147
GAC12_SALMINRE12;01/12/1978 00:00;1;12;1978;735,7400811
GAC12_SALMINRE12;01/01/1979 00:00;1;1;1979;695,1981906
GAC12_SALMINRE12;01/02/1979 00:00;1;2;1979;675,8454726
GAC12_SALMINRE12;01/03/1979 00:00;1;3;1979;653,2971577
GAC12_SALMINRE12;01/04/1979 00:00;1;4;1979;631,5088839
GAC12_SALMINRE12;01/05/1979 00:00;1;5;1979;902,2424005
GAC12_SALMINRE12;01/06/1979 00:00;1;6;1979;875,9652341
GAC12_SALMINRE12;01/07/1979 00:00;1;7;1979;831,4141414
GAC12_SALMINRE12;01/08/1979 00:00;1;8;1979;785,9509998
GAC12_SALMINRE12;01/09/1979 00:00;1;9;1979;737,2358877
GAC12_SALMINRE12;01/10/1979 00:00;1;10;1979;701,702917
GAC12_SALMINRE12;01/11/1979 00:00;1;11;1979;855,1798384
GAC12_SALMINRE12;01/12/1979 00:00;1;12;1979;818,305074
GAC12_SALMINRE12;01/01/1980 00:00;1;1;1980;767,9167853
GAC12_SALMINRE12;01/02/1980 00:00;1;2;1980;737,3290783
GAC12_SALMINRE12;01/03/1980 00:00;1;3;1980;701,3947719
GAC12_SALMINRE12;01/04/1980 00:00;1;4;1980;668,9505111
GAC12_SALMINRE12;01/05/1980 00:00;1;5;1980;896,8696766
GAC12_SALMINRE12;01/06/1980 00:00;1;6;1980;849,9251746
GAC12_SALMINRE12;01/07/1980 00:00;1;7;1980;805,5090691
GAC12_SALMINRE12;01/08/1980 00:00;1;8;1980;766,0795795
GAC12_SALMINRE12;01/09/1980 00:00;1;9;1980;733,4198786
GAC12_SALMINRE12;01/10/1980 00:00;1;10;1980;668,9037961
GAC12_SALMINRE12;01/11/1980 00:00;1;11;1980;863,8066242
GAC12_SALMINRE12;01/12/1980 00:00;1;12;1980;808,7938419
GAC12_SALMINRE12;01/01/1981 00:00;1;1;1981;761,5079723
GAC12_SALMINRE12;01/02/1981 00:00;1;2;1981;718,0433856
GAC12_SALMINRE12;01/03/1981 00:00;1;3;1981;681,556757
GAC12_SALMINRE12;01/04/1981 00:00;1;4;1981;639,7226238
GAC12_SALMINRE12;01/05/1981 00:00;1;5;1981;886,5724854
GAC12_SALMINRE12;01/06/1981 00:00;1;6;1981;843,7802638
GAC12_SALMINRE12;01/07/1981 00:00;1;7;1981;794,5052056
GAC12_SALMINRE12;01/08/1981 00:00;1;8;1981;748,6549423
GAC12_SALMINRE12;01/09/1981 00:00;1;9;1981;711,1384362
GAC12_SALMINRE12;01/10/1981 00:00;1;10;1981;679,724371
GAC12_SALMINRE12;01/11/1981 00:00;1;11;1981;910,1980379
GAC12_SALMINRE12;01/12/1981 00:00;1;12;1981;861,2165756
GAC12_SALMINRE12;01/01/1982 00:00;1;1;1982;807,0352986
GAC12_SALMINRE12;01/02/1982 00:00;1;2;1982;757,2430604
GAC12_SALMINRE12;01/03/1982 00:00;1;3;1982;719,5480518
GAC12_SALMINRE12;01/04/1982 00:00;1;4;1982;681,0806949
GAC12_SALMINRE12;01/05/1982 00:00;1;5;1982;889,0553047
GAC12_SALMINRE12;01/06/1982 00:00;1;6;1982;829,7863459
GAC12_SALMINRE12;01/07/1982 00:00;1;7;1982;779,9344558
GAC12_SALMINRE12;01/08/1982 00:00;1;8;1982;738,8037185
GAC12_SALMINRE12;01/09/1982 00:00;1;9;1982;708,3161648
GAC12_SALMINRE12;01/10/1982 00:00;1;10;1982;681,6905831
GAC12_SALMINRE12;01/11/1982 00:00;1;11;1982;919,0292762
GAC12_SALMINRE12;01/12/1982 00:00;1;12;1982;849,4958975
GAC12_SALMINRE12;01/01/1983 00:00;1;1;1983;778,3215597
GAC12_SALMINRE12;01/02/1983 00:00;1;2;1983;720,4002206
GAC12_SALMINRE12;01/03/1983 00:00;1;3;1983;671,8850487
GAC12_SALMINRE12;01/04/1983 00:00;1;4;1983;630,4907939
GAC12_SALMINRE12;01/05/1983 00:00;1;5;1983;871,8342408
GAC12_SALMINRE12;01/06/1983 00:00;1;6;1983;786,6181156
GAC12_SALMINRE12;01/07/1983 00:00;1;7;1983;705,9392118
GAC12_SALMINRE12;01/08/1983 00:00;1;8;1983;642,6572253
GAC12_SALMINRE12;01/09/1983 00:00;1;9;1983;577,5521702
GAC12_SALMINRE12;01/10/1983 00:00;1;10;1983;524,5870348
GAC12_SALMINRE12;01/11/1983 00:00;1;11;1983;802,4766762
GAC12_SALMINRE12;01/12/1983 00:00;1;12;1983;740,6753803
GAC12_SALMINRE12;01/01/1984 00:00;1;1;1984;677,0897846
GAC12_SALMINRE12;01/02/1984 00:00;1;2;1984;617,0123331
GAC12_SALMINRE12;01/03/1984 00:00;1;3;1984;561,7729097
GAC12_SALMINRE12;01/04/1984 00:00;1;4;1984;512,9198326
GAC12_SALMINRE12;01/05/1984 00:00;1;5;1984;802,7111081
GAC12_SALMINRE12;01/06/1984 00:00;1;6;1984;729,9916358
GAC12_SALMINRE12;01/07/1984 00:00;1;7;1984;669,0551761
GAC12_SALMINRE12;01/08/1984 00:00;1;8;1984;616,240983
GAC12_SALMINRE12;01/09/1984 00:00;1;9;1984;554,6624913
GAC12_SALMINRE12;01/10/1984 00:00;1;10;1984;501,9964332
GAC12_SALMINRE12;01/11/1984 00:00;1;11;1984;779,8960582
GAC12_SALMINRE12;01/12/1984 00:00;1;12;1984;698,6950949
GAC12_SALMINRE12;01/01/1985 00:00;1;1;1985;624,7435769
GAC12_SALMINRE12;01/02/1985 00:00;1;2;1985;563,0939301
GAC12_SALMINRE12;01/03/1985 00:00;1;3;1985;512,1616439
GAC12_SALMINRE12;01/04/1985 00:00;1;4;1985;471,6731248
GAC12_SALMINRE12;01/05/1985 00:00;1;5;1985;879,9636478
GAC12_SALMINRE12;01/06/1985 00:00;1;6;1985;812,2652525
GAC12_SALMINRE12;01/07/1985 00:00;1;7;1985;737,9112833
GAC12_SALMINRE12;01/08/1985 00:00;1;8;1985;661,1359963
GAC12_SALMINRE12;01/09/1985 00:00;1;9;1985;600,5547007
GAC12_SALMINRE12;01/10/1985 00:00;1;10;1985;544,7194406
GAC12_SALMINRE12;01/11/1985 00:00;1;11;1985;859,2536405
GAC12_SALMINRE12;01/12/1985 00:00;1;12;1985;742,3333688
GAC12_SALMINRE12;01/01/1986 00:00;1;1;1986;645,4522365
GAC12_SALMINRE12;01/02/1986 00:00;1;2;1986;573,8907174
GAC12_SALMINRE12;01/03/1986 00:00;1;3;1986;745,3587045
GAC12_SALMINRE12;01/04/1986 00:00;1;4;1986;742,167373
GAC12_SALMINRE12;01/05/1986 00:00;1;5;1986;734,2712131
GAC12_SALMINRE12;01/06/1986 00:00;1;6;1986;727,2501769
GAC12_SALMINRE12;01/07/1986 00:00;1;7;1986;720,7104
GAC12_SALMINRE12;01/08/1986 00:00;1;8;1986;710,5421301
GAC12_SALMINRE12;01/09/1986 00:00;1;9;1986;702,1749245
GAC12_SALMINRE12;01/10/1986 00:00;1;10;1986;692,262179
GAC12_SALMINRE12;01/11/1986 00:00;1;11;1986;670,2263283
GAC12_SALMINRE12;01/12/1986 00:00;1;12;1986;624,8291535
GAC12_SALMINRE12;01/01/1987 00:00;1;1;1987;641,8589502
GAC12_SALMINRE12;01/02/1987 00:00;1;2;1987;563,3142945
GAC12_SALMINRE12;01/03/1987 00:00;1;3;1987;698,2064915
GAC12_SALMINRE12;01/04/1987 00:00;1;4;1987;577,2255501
GAC12_SALMINRE12;01/05/1987 00:00;1;5;1987;562,5084834
GAC12_SALMINRE12;01/06/1987 00:00;1;6;1987;556,4751174
GAC12_SALMINRE12;01/07/1987 00:00;1;7;1987;506,2061831
GAC12_SALMINRE12;01/08/1987 00:00;1;8;1987;481,7118705
GAC12_SALMINRE12;01/09/1987 00:00;1;9;1987;547,693809
GAC12_SALMINRE12;01/10/1987 00:00;1;10;1987;543,3457181
GAC12_SALMINRE12;01/11/1987 00:00;1;11;1987;537,2306117
GAC12_SALMINRE12;01/12/1987 00:00;1;12;1987;565,6560025
GAC12_SALMINRE12;01/01/1988 00:00;1;1;1988;594,3304516
GAC12_SALMINRE12;01/02/1988 00:00;1;2;1988;602,1445074
GAC12_SALMINRE12;01/03/1988 00:00;1;3;1988;602,6098161
GAC12_SALMINRE12;01/04/1988 00:00;1;4;1988;592,5081448
GAC12_SALMINRE12;01/05/1988 00:00;1;5;1988;601,3292411
GAC12_SALMINRE12;01/06/1988 00:00;1;6;1988;585,2389979
GAC12_SALMINRE12;01/07/1988 00:00;1;7;1988;570,9831839
GAC12_SALMINRE12;01/08/1988 00:00;1;8;1988;591,5529986
GAC12_SALMINRE12;01/09/1988 00:00;1;9;1988;568,1748985
GAC12_SALMINRE12;01/10/1988 00:00;1;10;1988;560,5962904
GAC12_SALMINRE12;01/11/1988 00:00;1;11;1988;568,504611
GAC12_SALMINRE12;01/12/1988 00:00;1;12;1988;580,9872415
GAC12_SALMINRE12;01/01/1989 00:00;1;1;1989;576,8100958
GAC12_SALMINRE12;01/02/1989 00:00;1;2;1989;582,6072371
GAC12_SALMINRE12;01/03/1989 00:00;1;3;1989;550,1484888
GAC12_SALMINRE12;01/04/1989 00:00;1;4;1989;509,1139571
GAC12_SALMINRE12;01/05/1989 00:00;1;5;1989;555,8779453
GAC12_SALMINRE12;01/06/1989 00:00;1;6;1989;633,289176
GAC12_SALMINRE12;01/07/1989 00:00;1;7;1989;620,5305092
GAC12_SALMINRE12;01/08/1989 00:00;1;8;1989;599,9284753
GAC12_SALMINRE12;01/09/1989 00:00;1;9;1989;569,1056697
GAC12_SALMINRE12;01/10/1989 00:00;1;10;1989;627,5511736
GAC12_SALMINRE12;01/11/1989 00:00;1;11;1989;617,115692
GAC12_SALMINRE12;01/12/1989 00:00;1;12;1989;576,8967339
GAC12_SALMINRE12;01/01/1990 00:00;1;1;1990;558,7539589
GAC12_SALMINRE12;01/02/1990 00:00;1;2;1990;501,3327817
GAC12_SALMINRE12;01/03/1990 00:00;1;3;1990;504,4216921
GAC12_SALMINRE12;01/04/1990 00:00;1;4;1990;439,8898506
GAC12_SALMINRE12;01/05/1990 00:00;1;5;1990;409,9243795
GAC12_SALMINRE12;01/06/1990 00:00;1;6;1990;385,5430527
GAC12_SALMINRE12;01/07/1990 00:00;1;7;1990;435,2511356
GAC12_SALMINRE12;01/08/1990 00:00;1;8;1990;411,6223389
GAC12_SALMINRE12;01/09/1990 00:00;1;9;1990;419,2958776
GAC12_SALMINRE12;01/10/1990 00:00;1;10;1990;388,7363854
GAC12_SALMINRE12;01/11/1990 00:00;1;11;1990;431,0278468
GAC12_SALMINRE12;01/12/1990 00:00;1;12;1990;383,8152282
GAC12_SALMINRE12;01/01/1991 00:00;1;1;1991;442,6173053
GAC12_SALMINRE12;01/02/1991 00:00;1;2;1991;474,8917544
GAC12_SALMINRE12;01/03/1991 00:00;1;3;1991;454,3267422
GAC12_SALMINRE12;01/04/1991 00:00;1;4;1991;432,6566398
GAC12_SALMINRE12;01/05/1991 00:00;1;5;1991;405,5651002
GAC12_SALMINRE12;01/06/1991 00:00;1;6;1991;365,9291414
GAC12_SALMINRE12;01/07/1991 00:00;1;7;1991;326,3089188
GAC12_SALMINRE12;01/08/1991 00:00;1;8;1991;282,2306481
GAC12_SALMINRE12;01/09/1991 00:00;1;9;1991;603,0654684
GAC12_SALMINRE12;01/10/1991 00:00;1;10;1991;498,0785626
GAC12_SALMINRE12;01/11/1991 00:00;1;11;1991;393,8028054
GAC12_SALMINRE12;01/12/1991 00:00;1;12;1991;317,1992237
GAC12_SALMINRE12;01/01/1992 00:00;1;1;1992;576,0043204
GAC12_SALMINRE12;01/02/1992 00:00;1;2;1992;462,7267721
GAC12_SALMINRE12;01/03/1992 00:00;1;3;1992;380,4705189
GAC12_SALMINRE12;01/04/1992 00:00;1;4;1992;314,8541301
GAC12_SALMINRE12;01/05/1992 00:00;1;5;1992;605,6588097
GAC12_SALMINRE12;01/06/1992 00:00;1;6;1992;501,1657256
GAC12_SALMINRE12;01/07/1992 00:00;1;7;1992;410,5224913
GAC12_SALMINRE12;01/08/1992 00:00;1;8;1992;335,4489361
GAC12_SALMINRE12;01/09/1992 00:00;1;9;1992;614,2891748
GAC12_SALMINRE12;01/10/1992 00:00;1;10;1992;487,2607578
GAC12_SALMINRE12;01/11/1992 00:00;1;11;1992;396,5014513
GAC12_SALMINRE12;01/12/1992 00:00;1;12;1992;315,7363374
GAC12_SALMINRE12;01/01/1993 00:00;1;1;1993;587,2690866
GAC12_SALMINRE12;01/02/1993 00:00;1;2;1993;470,6057844
GAC12_SALMINRE12;01/03/1993 00:00;1;3;1993;504,1564612
GAC12_SALMINRE12;01/04/1993 00:00;1;4;1993;392,7369027
GAC12_SALMINRE12;01/05/1993 00:00;1;5;1993;598,6255919
GAC12_SALMINRE12;01/06/1993 00:00;1;6;1993;459,1742846
GAC12_SALMINRE12;01/07/1993 00:00;1;7;1993;492,2938374
GAC12_SALMINRE12;01/08/1993 00:00;1;8;1993;440,3558889
GAC12_SALMINRE12;01/09/1993 00:00;1;9;1993;563,5746677
GAC12_SALMINRE12;01/10/1993 00:00;1;10;1993;525,9740448
GAC12_SALMINRE12;01/11/1993 00:00;1;11;1993;483,1425433
GAC12_SALMINRE12;01/12/1993 00:00;1;12;1993;438,1075232
GAC12_SALMINRE12;01/01/1994 00:00;1;1;1994;543,3785282
GAC12_SALMINRE12;01/02/1994 00:00;1;2;1994;503,4974111
GAC12_SALMINRE12;01/03/1994 00:00;1;3;1994;413,2678436
GAC12_SALMINRE12;01/04/1994 00:00;1;4;1994;411,4054737
GAC12_SALMINRE12;01/05/1994 00:00;1;5;1994;414,5846588
GAC12_SALMINRE12;01/06/1994 00:00;1;6;1994;326,2818808
GAC12_SALMINRE12;01/07/1994 00:00;1;7;1994;365,4701352
GAC12_SALMINRE12;01/08/1994 00:00;1;8;1994;358,8301571
GAC12_SALMINRE12;01/09/1994 00:00;1;9;1994;382,3323048
GAC12_SALMINRE12;01/10/1994 00:00;1;10;1994;371,8464716
GAC12_SALMINRE12;01/11/1994 00:00;1;11;1994;361,1552104
GAC12_SALMINRE12;01/12/1994 00:00;1;12;1994;355,1167761
GAC12_SALMINRE12;01/01/1995 00:00;1;1;1995;350,0764265
GAC12_SALMINRE12;01/02/1995 00:00;1;2;1995;346,5746333
GAC12_SALMINRE12;01/03/1995 00:00;1;3;1995;341,0483495
GAC12_SALMINRE12;01/04/1995 00:00;1;4;1995;332,7617504
GAC12_SALMINRE12;01/05/1995 00:00;1;5;1995;465,5955204
GAC12_SALMINRE12;01/06/1995 00:00;1;6;1995;455,6619168
GAC12_SALMINRE12;01/07/1995 00:00;1;7;1995;444,7222743
GAC12_SALMINRE12;01/08/1995 00:00;1;8;1995;440,2306603
GAC12_SALMINRE12;01/09/1995 00:00;1;9;1995;435,1388287
GAC12_SALMINRE12;01/10/1995 00:00;1;10;1995;429,1311923
GAC12_SALMINRE12;01/11/1995 00:00;1;11;1995;422,7491682
GAC12_SALMINRE12;01/12/1995 00:00;1;12;1995;415,8873518
GAC12_SALMINRE12;01/01/1996 00:00;1;1;1996;409,9032906
GAC12_SALMINRE12;01/02/1996 00:00;1;2;1996;407,0150277
GAC12_SALMINRE12;01/03/1996 00:00;1;3;1996;405,8382815
GAC12_SALMINRE12;01/04/1996 00:00;1;4;1996;402,0975629
GAC12_SALMINRE12;01/05/1996 00:00;1;5;1996;444,658572
GAC12_SALMINRE12;01/06/1996 00:00;1;6;1996;438,823254
GAC12_SALMINRE12;01/07/1996 00:00;1;7;1996;433,6208193
GAC12_SALMINRE12;01/08/1996 00:00;1;8;1996;431,4646954
GAC12_SALMINRE12;01/09/1996 00:00;1;9;1996;431,3787691
GAC12_SALMINRE12;01/10/1996 00:00;1;10;1996;429,7463315
GAC12_SALMINRE12;01/11/1996 00:00;1;11;1996;428,2892336
GAC12_SALMINRE12;01/12/1996 00:00;1;12;1996;426,8793694
GAC12_SALMINRE12;01/01/1997 00:00;1;1;1997;423,4486334
GAC12_SALMINRE12;01/02/1997 00:00;1;2;1997;421,5501849
GAC12_SALMINRE12;01/03/1997 00:00;1;3;1997;418,7042383
GAC12_SALMINRE12;01/04/1997 00:00;1;4;1997;416,2072332
GAC12_SALMINRE12;01/05/1997 00:00;1;5;1997;445,4449681
GAC12_SALMINRE12;01/06/1997 00:00;1;6;1997;443,8924663
GAC12_SALMINRE12;01/07/1997 00:00;1;7;1997;443,0951994
GAC12_SALMINRE12;01/08/1997 00:00;1;8;1997;443,2268332
GAC12_SALMINRE12;01/09/1997 00:00;1;9;1997;442,7852287
GAC12_SALMINRE12;01/10/1997 00:00;1;10;1997;441,5061158
GAC12_SALMINRE12;01/11/1997 00:00;1;11;1997;440,8445135
GAC12_SALMINRE12;01/12/1997 00:00;1;12;1997;438,3465663
GAC12_SALMINRE12;01/01/1998 00:00;1;1;1998;434,6522758
GAC12_SALMINRE12;01/02/1998 00:00;1;2;1998;430,211872
GAC12_SALMINRE12;01/03/1998 00:00;1;3;1998;408,765705
GAC12_SALMINRE12;01/04/1998 00:00;1;4;1998;428,2858881
GAC12_SALMINRE12;01/05/1998 00:00;1;5;1998;460,6609574
GAC12_SALMINRE12;01/06/1998 00:00;1;6;1998;459,9711349
GAC12_SALMINRE12;01/07/1998 00:00;1;7;1998;461,261942
GAC12_SALMINRE12;01/08/1998 00:00;1;8;1998;463,532834
GAC12_SALMINRE12;01/09/1998 00:00;1;9;1998;464,9742799
GAC12_SALMINRE12;01/10/1998 00:00;1;10;1998;464,4620816
GAC12_SALMINRE12;01/11/1998 00:00;1;11;1998;465,2993632
GAC12_SALMINRE12;01/12/1998 00:00;1;12;1998;463,3524907
GAC12_SALMINRE12;01/01/1999 00:00;1;1;1999;460,361052
GAC12_SALMINRE12;01/02/1999 00:00;1;2;1999;454,498661
GAC12_SALMINRE12;01/03/1999 00:00;1;3;1999;448,7540325
GAC12_SALMINRE12;01/04/1999 00:00;1;4;1999;446,6546916
GAC12_SALMINRE12;01/05/1999 00:00;1;5;1999;467,0359795
GAC12_SALMINRE12;01/06/1999 00:00;1;6;1999;466,7106365
GAC12_SALMINRE12;01/07/1999 00:00;1;7;1999;463,2824106
GAC12_SALMINRE12;01/08/1999 00:00;1;8;1999;460,7485954
GAC12_SALMINRE12;01/09/1999 00:00;1;9;1999;458,9590203
GAC12_SALMINRE12;01/10/1999 00:00;1;10;1999;454,5962361
GAC12_SALMINRE12;01/11/1999 00:00;1;11;1999;450,3641621
GAC12_SALMINRE12;01/12/1999 00:00;1;12;1999;447,0556419
GAC12_SALMINRE12;01/01/2000 00:00;1;1;2000;444,3451797
GAC12_SALMINRE12;01/02/2000 00:00;1;2;2000;444,1228737
GAC12_SALMINRE12;01/03/2000 00:00;1;3;2000;443,5459179
GAC12_SALMINRE12;01/04/2000 00:00;1;4;2000;492,0239117
GAC12_SALMINRE12;01/05/2000 00:00;1;5;2000;492,2696534
GAC12_SALMINRE12;01/06/2000 00:00;1;6;2000;490,7958197
GAC12_SALMINRE12;01/07/2000 00:00;1;7;2000;484,0676776
GAC12_SALMINRE12;01/08/2000 00:00;1;8;2000;478,2803938
GAC12_SALMINRE12;01/09/2000 00:00;1;9;2000;476,2323126
GAC12_SALMINRE12;01/10/2000 00:00;1;10;2000;475,4713058
GAC12_SALMINRE12;01/11/2000 00:00;1;11;2000;474,0962024
GAC12_SALMINRE12;01/12/2000 00:00;1;12;2000;471,5021976
GAC12_SALMINRE12;01/01/2001 00:00;1;1;2001;467,8984803
GAC12_SALMINRE12;01/02/2001 00:00;1;2;2001;465,6162508
GAC12_SALMINRE12;01/03/2001 00:00;1;3;2001;463,3915772
GAC12_SALMINRE12;01/04/2001 00:00;1;4;2001;547,7869536
GAC12_SALMINRE12;01/05/2001 00:00;1;5;2001;544,6824095
GAC12_SALMINRE12;01/06/2001 00:00;1;6;2001;541,435023
GAC12_SALMINRE12;01/07/2001 00:00;1;7;2001;535,4909501
GAC12_SALMINRE12;01/08/2001 00:00;1;8;2001;531,2927185
GAC12_SALMINRE12;01/09/2001 00:00;1;9;2001;528,9665263
GAC12_SALMINRE12;01/10/2001 00:00;1;10;2001;524,0414358
GAC12_SALMINRE12;01/11/2001 00:00;1;11;2001;517,3667408
GAC12_SALMINRE12;01/12/2001 00:00;1;12;2001;513,567479
GAC12_SALMINRE12;01/01/2002 00:00;1;1;2002;508,1313453
GAC12_SALMINRE12;01/02/2002 00:00;1;2;2002;506,5621851
GAC12_SALMINRE12;01/03/2002 00:00;1;3;2002;503,4419741
GAC12_SALMINRE12;01/04/2002 00:00;1;4;2002;555,600598
GAC12_SALMINRE12;01/05/2002 00:00;1;5;2002;555,1015201
GAC12_SALMINRE12;01/06/2002 00:00;1;6;2002;551,7349224
GAC12_SALMINRE12;01/07/2002 00:00;1;7;2002;545,4615726
GAC12_SALMINRE12;01/08/2002 00:00;1;8;2002;540,8094784
GAC12_SALMINRE12;01/09/2002 00:00;1;9;2002;536,3572401
GAC12_SALMINRE12;01/10/2002 00:00;1;10;2002;528,0666626
GAC12_SALMINRE12;01/11/2002 00:00;1;11;2002;510,7533402
GAC12_SALMINRE12;01/12/2002 00:00;1;12;2002;497,3251999
GAC12_SALMINRE12;01/01/2003 00:00;1;1;2003;485,3371998
GAC12_SALMINRE12;01/02/2003 00:00;1;2;2003;478,3525554
GAC12_SALMINRE12;01/03/2003 00:00;1;3;2003;471,8878351
GAC12_SALMINRE12;01/04/2003 00:00;1;4;2003;558,5577459
GAC12_SALMINRE12;01/05/2003 00:00;1;5;2003;553,0828979
GAC12_SALMINRE12;01/06/2003 00:00;1;6;2003;553,4150563
GAC12_SALMINRE12;01/07/2003 00:00;1;7;2003;553,1927591
GAC12_SALMINRE12;01/08/2003 00:00;1;8;2003;552,1982772
GAC12_SALMINRE12;01/09/2003 00:00;1;9;2003;547,7071533
GAC12_SALMINRE12;01/10/2003 00:00;1;10;2003;545,5803019
GAC12_SALMINRE12;01/11/2003 00:00;1;11;2003;543,5689067
GAC12_SALMINRE12;01/12/2003 00:00;1;12;2003;540,6494308
GAC12_SALMINRE12;01/01/2004 00:00;1;1;2004;536,1988987
GAC12_SALMINRE12;01/02/2004 00:00;1;2;2004;534,1147891
GAC12_SALMINRE12;01/03/2004 00:00;1;3;2004;531,0885853
GAC12_SALMINRE12;01/04/2004 00:00;1;4;2004;528,9211329
GAC12_SALMINRE12;01/05/2004 00:00;1;5;2004;570,7144869
GAC12_SALMINRE12;01/06/2004 00:00;1;6;2004;567,8761921
GAC12_SALMINRE12;01/07/2004 00:00;1;7;2004;563,7614035
GAC12_SALMINRE12;01/08/2004 00:00;1;8;2004;560,9569101
GAC12_SALMINRE12;01/09/2004 00:00;1;9;2004;560,0059396
GAC12_SALMINRE12;01/10/2004 00:00;1;10;2004;559,0558859
GAC12_SALMINRE12;01/11/2004 00:00;1;11;2004;556,6057863
GAC12_SALMINRE12;01/12/2004 00:00;1;12;2004;551,8591653
GAC12_SALMINRE12;01/01/2005 00:00;1;1;2005;548,7320801
GAC12_SALMINRE12;01/02/2005 00:00;1;2;2005;546,3274717
GAC12_SALMINRE12;01/03/2005 00:00;1;3;2005;542,3684505
GAC12_SALMINRE12;01/04/2005 00:00;1;4;2005;537,4772963
GAC12_SALMINRE12;01/05/2005 00:00;1;5;2005;615,8556434
GAC12_SALMINRE12;01/06/2005 00:00;1;6;2005;616,5342989
GAC12_SALMINRE12;01/07/2005 00:00;1;7;2005;616,3499445
GAC12_SALMINRE12;01/08/2005 00:00;1;8;2005;616,3499445
GAC12_SALMINRE12;01/09/2005 00:00;1;9;2005;615,4274063
GAC12_SALMINRE12;01/10/2005 00:00;1;10;2005;611,8794015
GAC12_SALMINRE12;01/11/2005 00:00;1;11;2005;608,5942387
GAC12_SALMINRE12;01/12/2005 00:00;1;12;2005;606,1686691
GAC12_SALMINRE12;01/01/2006 00:00;1;1;2006;603,8740715
GAC12_SALMINRE12;01/02/2006 00:00;1;2;2006;602,4875584
GAC12_SALMINRE12;01/03/2006 00:00;1;3;2006;600,8653094
GAC12_SALMINRE12;01/04/2006 00:00;1;4;2006;700,1689467
GAC12_SALMINRE12;01/05/2006 00:00;1;5;2006;699,2608123
GAC12_SALMINRE12;01/06/2006 00:00;1;6;2006;699,7507514
GAC12_SALMINRE12;01/07/2006 00:00;1;7;2006;698,9826827
GAC12_SALMINRE12;01/08/2006 00:00;1;8;2006;699,1217198
GAC12_SALMINRE12;01/09/2006 00:00;1;9;2006;698,0056371
GAC12_SALMINRE12;01/10/2006 00:00;1;10;2006;695,0168084
GAC12_SALMINRE12;01/11/2006 00:00;1;11;2006;692,1111229
GAC12_SALMINRE12;01/12/2006 00:00;1;12;2006;687,8470484
GAC12_SALMINRE12;01/01/2007 00:00;1;1;2007;684,4929159
GAC12_SALMINRE12;01/02/2007 00:00;1;2;2007;681,6311612
GAC12_SALMINRE12;01/03/2007 00:00;1;3;2007;678,644526
GAC12_SALMINRE12;01/04/2007 00:00;1;4;2007;734,9038547
GAC12_SALMINRE12;01/05/2007 00:00;1;5;2007;732,9981161
GAC12_SALMINRE12;01/06/2007 00:00;1;6;2007;730,7333851
GAC12_SALMINRE12;01/07/2007 00:00;1;7;2007;728,4023816
GAC12_SALMINRE12;01/08/2007 00:00;1;8;2007;724,130718
GAC12_SALMINRE12;01/09/2007 00:00;1;9;2007;722,3250701
GAC12_SALMINRE12;01/10/2007 00:00;1;10;2007;720,1649161
GAC12_SALMINRE12;01/11/2007 00:00;1;11;2007;717,0809377
GAC12_SALMINRE12;01/12/2007 00:00;1;12;2007;710,1925176
GAC12_SALMINRE12;01/01/2008 00:00;1;1;2008;705,3254707
GAC12_SALMINRE12;01/02/2008 00:00;1;2;2008;701,957047
GAC12_SALMINRE12;01/03/2008 00:00;1;3;2008;762,7202303
GAC12_SALMINRE12;01/04/2008 00:00;1;4;2008;757,8708894
GAC12_SALMINRE12;01/05/2008 00:00;1;5;2008;750,6645975
GAC12_SALMINRE12;01/06/2008 00:00;1;6;2008;743,8952604
GAC12_SALMINRE12;01/07/2008 00:00;1;7;2008;739,6045774
GAC12_SALMINRE12;01/08/2008 00:00;1;8;2008;738,0554326
GAC12_SALMINRE12;01/09/2008 00:00;1;9;2008;736,9510777
GAC12_SALMINRE12;01/10/2008 00:00;1;10;2008;733,285374
GAC12_SALMINRE12;01/11/2008 00:00;1;11;2008;730,5094539
GAC12_SALMINRE12;01/12/2008 00:00;1;12;2008;728,3978071
GAC12_SALMINRE12;01/01/2009 00:00;1;1;2009;723,7658768
GAC12_SALMINRE12;01/02/2009 00:00;1;2;2009;808,4608598
GAC12_SALMINRE12;01/03/2009 00:00;1;3;2009;806,8463236
GAC12_SALMINRE12;01/04/2009 00:00;1;4;2009;802,4334515
GAC12_SALMINRE12;01/05/2009 00:00;1;5;2009;797,6465023
GAC12_SALMINRE12;01/06/2009 00:00;1;6;2009;794,3118096
GAC12_SALMINRE12;01/07/2009 00:00;1;7;2009;792,4893275
GAC12_SALMINRE12;01/08/2009 00:00;1;8;2009;791,8561445
GAC12_SALMINRE12;01/09/2009 00:00;1;9;2009;790,5902348
GAC12_SALMINRE12;01/10/2009 00:00;1;10;2009;788,6976604
GAC12_SALMINRE12;01/11/2009 00:00;1;11;2009;785,7905297
GAC12_SALMINRE12;01/12/2009 00:00;1;12;2009;783,908184
GAC12_SALMINRE12;01/01/2010 00:00;1;1;2010;852,2697423
GAC12_SALMINRE12;01/02/2010 00:00;1;2;2010;846,346218
GAC12_SALMINRE12;01/03/2010 00:00;1;3;2010;840,379808
GAC12_SALMINRE12;01/04/2010 00:00;1;4;2010;834,2904044
GAC12_SALMINRE12;01/05/2010 00:00;1;5;2010;830,7172869
GAC12_SALMINRE12;01/06/2010 00:00;1;6;2010;831,6330138
GAC12_SALMINRE12;01/07/2010 00:00;1;7;2010;832,215146
GAC12_SALMINRE12;01/08/2010 00:00;1;8;2010;832,7980937
GAC12_SALMINRE12;01/09/2010 00:00;1;9;2010;828,3246814
GAC12_SALMINRE12;01/10/2010 00:00;1;10;2010;820,7732682
GAC12_SALMINRE12;01/11/2010 00:00;1;11;2010;812,4055166
GAC12_SALMINRE12;01/12/2010 00:00;1;12;2010;807,5597982
GAC12_SALMINRE12;01/01/2011 00:00;1;1;2011;847,1003016
GAC12_SALMINRE12;01/02/2011 00:00;1;2;2011;842,5493465
GAC12_SALMINRE12;01/03/2011 00:00;1;3;2011;844,7748328
GAC12_SALMINRE12;01/04/2011 00:00;1;4;2011;838,7348405
GAC12_SALMINRE12;01/05/2011 00:00;1;5;2011;833,9812978
GAC12_SALMINRE12;01/06/2011 00:00;1;6;2011;832,1499208
GAC12_SALMINRE12;01/07/2011 00:00;1;7;2011;832,1499208
GAC12_SALMINRE12;01/08/2011 00:00;1;8;2011;828,6704132
GAC12_SALMINRE12;01/09/2011 00:00;1;9;2011;824,9567506
GAC12_SALMINRE12;01/10/2011 00:00;1;10;2011;822,3251271
GAC12_SALMINRE12;01/11/2011 00:00;1;11;2011;817,6659809
GAC12_SALMINRE12;01/12/2011 00:00;1;12;2011;813,5171956
GAC12_SALMINRE12;01/01/2012 00:00;1;1;2012;923,7437054
GAC12_SALMINRE12;01/02/2012 00:00;1;2;2012;920,155838
GAC12_SALMINRE12;01/03/2012 00:00;1;3;2012;918,5034882
GAC12_SALMINRE12;01/04/2012 00:00;1;4;2012;912,6602657
GAC12_SALMINRE12;01/05/2012 00:00;1;5;2012;907,6689675
GAC12_SALMINRE12;01/06/2012 00:00;1;6;2012;905,3186274
GAC12_SALMINRE12;01/07/2012 00:00;1;7;2012;901,4416697
GAC12_SALMINRE12;01/08/2012 00:00;1;8;2012;897,404334
GAC12_SALMINRE12;01/09/2012 00:00;1;9;2012;891,7840379
GAC12_SALMINRE12;01/10/2012 00:00;1;10;2012;885,4991944
GAC12_SALMINRE12;01/11/2012 00:00;1;11;2012;880,7424738
GAC12_SALMINRE12;01/12/2012 00:00;1;12;2012;874,2727539
GAC12_SALMINRE12;01/01/2013 00:00;1;1;2013;944,2975315
GAC12_SALMINRE12;01/02/2013 00:00;1;2;2013;939,4116139
GAC12_SALMINRE12;01/03/2013 00:00;1;3;2013;933,8093771
GAC12_SALMINRE12;01/04/2013 00:00;1;4;2013;928,3319795
GAC12_SALMINRE12;01/05/2013 00:00;1;5;2013;925,0936798
GAC12_SALMINRE12;01/06/2013 00:00;1;6;2013;922,5096462
GAC12_SALMINRE12;01/07/2013 00:00;1;7;2013;923,710677
GAC12_SALMINRE12;01/08/2013 00:00;1;8;2013;922,2357005
GAC12_SALMINRE12;01/09/2013 00:00;1;9;2013;919,7512074
GAC12_SALMINRE12;01/10/2013 00:00;1;10;2013;914,1749282
GAC12_SALMINRE12;01/11/2013 00:00;1;11;2013;909,2656137
GAC12_SALMINRE12;01/12/2013 00:00;1;12;2013;902,7644668
GAC12_SALMINRE12;01/01/2014 00:00;1;1;2014;957,9803975
GAC12_SALMINRE12;01/02/2014 00:00;1;2;2014;951,8876451
GAC12_SALMINRE12;01/03/2014 00:00;1;3;2014;944,145165
GAC12_SALMINRE12;01/04/2014 00:00;1;4;2014;936,8385974
GAC12_SALMINRE12;01/05/2014 00:00;1;5;2014;931,2517791
GAC12_SALMINRE12;01/06/2014 00:00;1;6;2014;928,8357185
GAC12_SALMINRE12;01/07/2014 00:00;1;7;2014;927,6301073
GAC12_SALMINRE12;01/08/2014 00:00;1;8;2014;925,9624679
GAC12_SALMINRE12;01/09/2014 00:00;1;9;2014;921,4487704
GAC12_SALMINRE12;01/10/2014 00:00;1;10;2014;917,9607477
GAC12_SALMINRE12;01/11/2014 00:00;1;11;2014;913,1207636
GAC12_SALMINRE12;01/12/2014 00:00;1;12;2014;907,4942955
GAC12_SALMINRE12;01/01/2015 00:00;1;1;2015;973,3113321
GAC12_SALMINRE12;01/02/2015 00:00;1;2;2015;962,1482782
GAC12_SALMINRE12;01/03/2015 00:00;1;3;2015;947,8377061
GAC12_SALMINRE12;01/04/2015 00:00;1;4;2015;941,1561362
GAC12_SALMINRE12;01/05/2015 00:00;1;5;2015;931,9286764
GAC12_SALMINRE12;01/06/2015 00:00;1;6;2015;924,8093928
GAC12_SALMINRE12;01/07/2015 00:00;1;7;2015;919,4756668
GAC12_SALMINRE12;01/08/2015 00:00;1;8;2015;917,1822859
GAC12_SALMINRE12;01/09/2015 00:00;1;9;2015;912,5284793
GAC12_SALMINRE12;01/10/2015 00:00;1;10;2015;905,5559292
GAC12_SALMINRE12;01/11/2015 00:00;1;11;2015;895,6142086
GAC12_SALMINRE12;01/12/2015 00:00;1;12;2015;887,6255018
GAC12_SALMINRE12;01/01/2016 00:00;1;1;2016;976,5115444
GAC12_SALMINRE12;01/02/2016 00:00;1;2;2016;967,3229273
GAC12_SALMINRE12;01/03/2016 00:00;1;3;2016;963,0837329
GAC12_SALMINRE12;01/04/2016 00:00;1;4;2016;956,9605301
GAC12_SALMINRE12;01/05/2016 00:00;1;5;2016;947,6730426
GAC12_SALMINRE12;01/06/2016 00:00;1;6;2016;943,2398281
GAC12_SALMINRE12;01/07/2016 00:00;1;7;2016;937,2413174
GAC12_SALMINRE12;01/08/2016 00:00;1;8;2016;934,3446683
GAC12_SALMINRE12;01/09/2016 00:00;1;9;2016;933,5986428
GAC12_SALMINRE12;01/10/2016 00:00;1;10;2016;932,0137433
GAC12_SALMINRE12;01/11/2016 00:00;1;11;2016;931,3620343
GAC12_SALMINRE12;01/12/2016 00:00;1;12;2016;930,0594643
GAC12_SALMINRE12;01/01/2017 00:00;1;1;2017;986,1603336
GAC12_SALMINRE12;01/02/2017 00:00;1;2;2017;983,798755
GAC12_SALMINRE12;01/03/2017 00:00;1;3;2017;980,6596598
GAC12_SALMINRE12;01/04/2017 00:00;1;4;2017;979,8760511
GAC12_SALMINRE12;01/05/2017 00:00;1;5;2017;976,3603834
GAC12_SALMINRE12;01/06/2017 00:00;1;6;2017;979,2974961
GAC12_SALMINRE12;01/07/2017 00:00;1;7;2017;977,6362405
GAC12_SALMINRE12;01/08/2017 00:00;1;8;2017;977,9293385
GAC12_SALMINRE12;01/09/2017 00:00;1;9;2017;978,1248348
GAC12_SALMINRE12;01/10/2017 00:00;1;10;2017;974,5188177
GAC12_SALMINRE12;01/11/2017 00:00;1;11;2017;972,7673405
GAC12_SALMINRE12;01/12/2017 00:00;1;12;2017;970,2442394
GAC12_SALMINRE12;01/01/2018 00:00;1;1;2018;985,5803044
GAC12_SALMINRE12;01/02/2018 00:00;1;2;2018;983,8090852
GAC12_SALMINRE12;01/03/2018 00:00;1;3;2018;983,1217802
GAC12_SALMINRE12;01/04/2018 00:00;1;4;2018;981,0617512
GAC12_SALMINRE12;01/05/2018 00:00;1;5;2018;976,8621174
GAC12_SALMINRE12;01/06/2018 00:00;1;6;2018;963,0908082
GAC12_SALMINRE12;01/07/2018 00:00;1;7;2018;960,6893402
GAC12_SALMINRE12;01/08/2018 00:00;1;8;2018;960,6893402
GAC12_SALMINRE12;01/09/2018 00:00;1;9;2018;957,815237
GAC12_SALMINRE12;01/10/2018 00:00;1;10;2018;954
